sensor_id,area,latitude,longitude,timestamp,water_level,status
S-KORAMANGALA,Koramangala,12.9352,77.6245,2026-09-20 06:00:00,36.13,normal
S-HSR-LAYOUT,HSR Layout,12.9116,77.6741,2026-09-20 06:00:00,35.18,normal
S-BELLANDUR,Bellandur,12.9304,77.6784,2026-09-20 06:00:00,23.97,normal
S-MARATHAHALLI,Marathahalli,12.9591,77.6974,2026-09-20 06:00:00,30.47,normal
S-INDIRANAGAR,Indiranagar,12.9784,77.6408,2026-09-20 06:00:00,22.06,normal
S-KORAMANGALA,Koramangala,12.9352,77.6245,2026-09-20 07:00:00,27.33,normal
S-HSR-LAYOUT,HSR Layout,12.9116,77.6741,2026-09-20 07:00:00,28.55,normal
S-BELLANDUR,Bellandur,12.9304,77.6784,2026-09-20 07:00:00,33.15,normal
S-MARATHAHALLI,Marathahalli,12.9591,77.6974,2026-09-20 07:00:00,36.3,normal
S-INDIRANAGAR,Indiranagar,12.9784,77.6408,2026-09-20 07:00:00,29.08,normal
S-KORAMANGALA,Koramangala,12.9352,77.6245,2026-09-20 08:00:00,49.52,normal
S-HSR-LAYOUT,HSR Layout,12.9116,77.6741,2026-09-20 08:00:00,44.21,normal
S-BELLANDUR,Bellandur,12.9304,77.6784,2026-09-20 08:00:00,35.87,normal
S-MARATHAHALLI,Marathahalli,12.9591,77.6974,2026-09-20 08:00:00,40.04,normal
S-INDIRANAGAR,Indiranagar,12.9784,77.6408,2026-09-20 08:00:00,36.64,normal
S-KORAMANGALA,Koramangala,12.9352,77.6245,2026-09-20 09:00:00,47.95,normal
S-HSR-LAYOUT,HSR Layout,12.9116,77.6741,2026-09-20 09:00:00,23.11,normal
S-BELLANDUR,Bellandur,12.9304,77.6784,2026-09-20 09:00:00,46.34,normal
S-MARATHAHALLI,Marathahalli,12.9591,77.6974,2026-09-20 09:00:00,27.93,normal
S-INDIRANAGAR,Indiranagar,12.9784,77.6408,2026-09-20 09:00:00,46.69,normal
S-KORAMANGALA,Koramangala,12.9352,77.6245,2026-09-20 10:00:00,42.27,normal
S-HSR-LAYOUT,HSR Layout,12.9116,77.6741,2026-09-20 10:00:00,24.66,normal
S-BELLANDUR,Bellandur,12.9304,77.6784,2026-09-20 10:00:00,28.45,normal
S-MARATHAHALLI,Marathahalli,12.9591,77.6974,2026-09-20 10:00:00,26.32,normal
S-INDIRANAGAR,Indiranagar,12.9784,77.6408,2026-09-20 10:00:00,30.29,normal
S-KORAMANGALA,Koramangala,12.9352,77.6245,2026-09-20 11:00:00,40.62,normal
S-HSR-LAYOUT,HSR Layout,12.9116,77.6741,2026-09-20 11:00:00,45.59,normal
S-BELLANDUR,Bellandur,12.9304,77.6784,2026-09-20 11:00:00,35.16,normal
S-MARATHAHALLI,Marathahalli,12.9591,77.6974,2026-09-20 11:00:00,27.53,normal
S-INDIRANAGAR,Indiranagar,12.9784,77.6408,2026-09-20 11:00:00,47.24,normal
S-KORAMANGALA,Koramangala,12.9352,77.6245,2026-09-20 12:00:00,21.52,normal
S-HSR-LAYOUT,HSR Layout,12.9116,77.6741,2026-09-20 12:00:00,39.03,normal
S-BELLANDUR,Bellandur,12.9304,77.6784,2026-09-20 12:00:00,44.88,normal
S-MARATHAHALLI,Marathahalli,12.9591,77.6974,2026-09-20 12:00:00,21.32,normal
S-INDIRANAGAR,Indiranagar,12.9784,77.6408,2026-09-20 12:00:00,30.01,normal
S-KORAMANGALA,Koramangala,12.9352,77.6245,2026-09-20 13:00:00,23.92,normal
S-HSR-LAYOUT,HSR Layout,12.9116,77.6741,2026-09-20 13:00:00,49.39,normal
S-BELLANDUR,Bellandur,12.9304,77.6784,2026-09-20 13:00:00,24.85,normal
S-MARATHAHALLI,Marathahalli,12.9591,77.6974,2026-09-20 13:00:00,33.26,normal
S-INDIRANAGAR,Indiranagar,12.9784,77.6408,2026-09-20 13:00:00,41.17,normal
S-KORAMANGALA,Koramangala,12.9352,77.6245,2026-09-20 14:00:00,36.83,normal
S-HSR-LAYOUT,HSR Layout,12.9116,77.6741,2026-09-20 14:00:00,23.36,normal
S-BELLANDUR,Bellandur,12.9304,77.6784,2026-09-20 14:00:00,48.35,normal
S-MARATHAHALLI,Marathahalli,12.9591,77.6974,2026-09-20 14:00:00,40.73,normal
S-INDIRANAGAR,Indiranagar,12.9784,77.6408,2026-09-20 14:00:00,24.47,normal
S-KORAMANGALA,Koramangala,12.9352,77.6245,2026-09-20 15:00:00,21.08,normal
S-HSR-LAYOUT,HSR Layout,12.9116,77.6741,2026-09-20 15:00:00,31.08,normal
S-BELLANDUR,Bellandur,12.9304,77.6784,2026-09-20 15:00:00,36.58,normal
S-MARATHAHALLI,Marathahalli,12.9591,77.6974,2026-09-20 15:00:00,32.89,normal
S-INDIRANAGAR,Indiranagar,12.9784,77.6408,2026-09-20 15:00:00,21.25,normal
S-KORAMANGALA,Koramangala,12.9352,77.6245,2026-09-20 16:00:00,30.94,normal
S-HSR-LAYOUT,HSR Layout,12.9116,77.6741,2026-09-20 16:00:00,47.99,normal
S-BELLANDUR,Bellandur,12.9304,77.6784,2026-09-20 16:00:00,49.17,normal
S-MARATHAHALLI,Marathahalli,12.9591,77.6974,2026-09-20 16:00:00,21.2,normal
S-INDIRANAGAR,Indiranagar,12.9784,77.6408,2026-09-20 16:00:00,30.73,normal
S-KORAMANGALA,Koramangala,12.9352,77.6245,2026-09-20 17:00:00,40.46,normal
S-HSR-LAYOUT,HSR Layout,12.9116,77.6741,2026-09-20 17:00:00,40.01,normal
S-BELLANDUR,Bellandur,12.9304,77.6784,2026-09-20 17:00:00,30.61,normal
S-MARATHAHALLI,Marathahalli,12.9591,77.6974,2026-09-20 17:00:00,36.8,normal
S-INDIRANAGAR,Indiranagar,12.9784,77.6408,2026-09-20 17:00:00,46.24,normal
S-KORAMANGALA,Koramangala,12.9352,77.6245,2026-09-20 18:00:00,99.35,critical
S-HSR-LAYOUT,HSR Layout,12.9116,77.6741,2026-09-20 18:00:00,42.48,normal
S-BELLANDUR,Bellandur,12.9304,77.6784,2026-09-20 18:00:00,47.77,normal
S-MARATHAHALLI,Marathahalli,12.9591,77.6974,2026-09-20 18:00:00,27.1,normal
S-INDIRANAGAR,Indiranagar,12.9784,77.6408,2026-09-20 18:00:00,24.88,normal
S-KORAMANGALA,Koramangala,12.9352,77.6245,2026-09-20 19:00:00,95.0,critical
S-HSR-LAYOUT,HSR Layout,12.9116,77.6741,2026-09-20 19:00:00,25.31,normal
S-BELLANDUR,Bellandur,12.9304,77.6784,2026-09-20 19:00:00,32.37,normal
S-MARATHAHALLI,Marathahalli,12.9591,77.6974,2026-09-20 19:00:00,25.38,normal
S-INDIRANAGAR,Indiranagar,12.9784,77.6408,2026-09-20 19:00:00,47.73,normal
S-KORAMANGALA,Koramangala,12.9352,77.6245,2026-09-20 20:00:00,94.56,critical
S-HSR-LAYOUT,HSR Layout,12.9116,77.6741,2026-09-20 20:00:00,32.35,normal
S-BELLANDUR,Bellandur,12.9304,77.6784,2026-09-20 20:00:00,40.1,normal
S-MARATHAHALLI,Marathahalli,12.9591,77.6974,2026-09-20 20:00:00,42.05,normal
S-INDIRANAGAR,Indiranagar,12.9784,77.6408,2026-09-20 20:00:00,27.45,normal
S-KORAMANGALA,Koramangala,12.9352,77.6245,2026-09-20 21:00:00,24.78,normal
S-HSR-LAYOUT,HSR Layout,12.9116,77.6741,2026-09-20 21:00:00,41.04,normal
S-BELLANDUR,Bellandur,12.9304,77.6784,2026-09-20 21:00:00,31.48,normal
S-MARATHAHALLI,Marathahalli,12.9591,77.6974,2026-09-20 21:00:00,21.16,normal
S-INDIRANAGAR,Indiranagar,12.9784,77.6408,2026-09-20 21:00:00,34.12,normal
S-KORAMANGALA,Koramangala,12.9352,77.6245,2026-09-20 22:00:00,25.99,normal
S-HSR-LAYOUT,HSR Layout,12.9116,77.6741,2026-09-20 22:00:00,47.55,normal
S-BELLANDUR,Bellandur,12.9304,77.6784,2026-09-20 22:00:00,30.49,normal
S-MARATHAHALLI,Marathahalli,12.9591,77.6974,2026-09-20 22:00:00,44.62,normal
S-INDIRANAGAR,Indiranagar,12.9784,77.6408,2026-09-20 22:00:00,46.14,normal
S-KORAMANGALA,Koramangala,12.9352,77.6245,2026-09-20 23:00:00,26.69,normal
S-HSR-LAYOUT,HSR Layout,12.9116,77.6741,2026-09-20 23:00:00,39.8,normal
S-BELLANDUR,Bellandur,12.9304,77.6784,2026-09-20 23:00:00,31.95,normal
S-MARATHAHALLI,Marathahalli,12.9591,77.6974,2026-09-20 23:00:00,28.36,normal
S-INDIRANAGAR,Indiranagar,12.9784,77.6408,2026-09-20 23:00:00,22.08,normal
S-KORAMANGALA,Koramangala,12.9352,77.6245,2026-09-21 00:00:00,43.2,normal
S-HSR-LAYOUT,HSR Layout,12.9116,77.6741,2026-09-21 00:00:00,30.53,normal
S-BELLANDUR,Bellandur,12.9304,77.6784,2026-09-21 00:00:00,35.28,normal
S-MARATHAHALLI,Marathahalli,12.9591,77.6974,2026-09-21 00:00:00,40.39,normal
S-INDIRANAGAR,Indiranagar,12.9784,77.6408,2026-09-21 00:00:00,45.31,normal
S-KORAMANGALA,Koramangala,12.9352,77.6245,2026-09-21 01:00:00,29.93,normal
S-HSR-LAYOUT,HSR Layout,12.9116,77.6741,2026-09-21 01:00:00,20.83,normal
S-BELLANDUR,Bellandur,12.9304,77.6784,2026-09-21 01:00:00,46.31,normal
S-MARATHAHALLI,Marathahalli,12.9591,77.6974,2026-09-21 01:00:00,27.84,normal
S-INDIRANAGAR,Indiranagar,12.9784,77.6408,2026-09-21 01:00:00,37.42,normal
S-KORAMANGALA,Koramangala,12.9352,77.6245,2026-09-21 02:00:00,49.51,normal
S-HSR-LAYOUT,HSR Layout,12.9116,77.6741,2026-09-21 02:00:00,21.15,normal
S-BELLANDUR,Bellandur,12.9304,77.6784,2026-09-21 02:00:00,37.9,normal
S-MARATHAHALLI,Marathahalli,12.9591,77.6974,2026-09-21 02:00:00,30.37,normal
S-INDIRANAGAR,Indiranagar,12.9784,77.6408,2026-09-21 02:00:00,43.59,normal
S-KORAMANGALA,Koramangala,12.9352,77.6245,2026-09-21 03:00:00,33.09,normal
S-HSR-LAYOUT,HSR Layout,12.9116,77.6741,2026-09-21 03:00:00,49.53,normal
S-BELLANDUR,Bellandur,12.9304,77.6784,2026-09-21 03:00:00,23.47,normal
S-MARATHAHALLI,Marathahalli,12.9591,77.6974,2026-09-21 03:00:00,46.99,normal
S-INDIRANAGAR,Indiranagar,12.9784,77.6408,2026-09-21 03:00:00,25.7,normal
S-KORAMANGALA,Koramangala,12.9352,77.6245,2026-09-21 04:00:00,21.33,normal
S-HSR-LAYOUT,HSR Layout,12.9116,77.6741,2026-09-21 04:00:00,33.08,normal
S-BELLANDUR,Bellandur,12.9304,77.6784,2026-09-21 04:00:00,35.6,normal
S-MARATHAHALLI,Marathahalli,12.9591,77.6974,2026-09-21 04:00:00,44.2,normal
S-INDIRANAGAR,Indiranagar,12.9784,77.6408,2026-09-21 04:00:00,40.61,normal
S-KORAMANGALA,Koramangala,12.9352,77.6245,2026-09-21 05:00:00,48.21,normal
S-HSR-LAYOUT,HSR Layout,12.9116,77.6741,2026-09-21 05:00:00,42.11,normal
S-BELLANDUR,Bellandur,12.9304,77.6784,2026-09-21 05:00:00,25.91,normal
S-MARATHAHALLI,Marathahalli,12.9591,77.6974,2026-09-21 05:00:00,32.94,normal
S-INDIRANAGAR,Indiranagar,12.9784,77.6408,2026-09-21 05:00:00,48.47,normal
