area,latitude,longitude,timestamp,average_speed_kmh,congestion_level
Koramangala,12.9352,77.6245,2026-09-20 06:00:00,43.42,low
HSR Layout,12.9116,77.6741,2026-09-20 06:00:00,37.46,low
Bellandur,12.9304,77.6784,2026-09-20 06:00:00,38.27,low
Marathahalli,12.9591,77.6974,2026-09-20 06:00:00,27.49,low
Indiranagar,12.9784,77.6408,2026-09-20 06:00:00,43.0,low
Koramangala,12.9352,77.6245,2026-09-20 07:00:00,35.14,low
HSR Layout,12.9116,77.6741,2026-09-20 07:00:00,38.34,low
Bellandur,12.9304,77.6784,2026-09-20 07:00:00,31.52,low
Marathahalli,12.9591,77.6974,2026-09-20 07:00:00,38.94,low
Indiranagar,12.9784,77.6408,2026-09-20 07:00:00,36.09,low
Koramangala,12.9352,77.6245,2026-09-20 08:00:00,28.84,low
HSR Layout,12.9116,77.6741,2026-09-20 08:00:00,38.3,low
Bellandur,12.9304,77.6784,2026-09-20 08:00:00,32.58,low
Marathahalli,12.9591,77.6974,2026-09-20 08:00:00,39.96,low
Indiranagar,12.9784,77.6408,2026-09-20 08:00:00,28.48,low
Koramangala,12.9352,77.6245,2026-09-20 09:00:00,36.38,low
HSR Layout,12.9116,77.6741,2026-09-20 09:00:00,33.12,low
Bellandur,12.9304,77.6784,2026-09-20 09:00:00,41.67,low
Marathahalli,12.9591,77.6974,2026-09-20 09:00:00,31.08,low
Indiranagar,12.9784,77.6408,2026-09-20 09:00:00,29.2,low
Koramangala,12.9352,77.6245,2026-09-20 10:00:00,40.72,low
HSR Layout,12.9116,77.6741,2026-09-20 10:00:00,37.13,low
Bellandur,12.9304,77.6784,2026-09-20 10:00:00,31.44,low
Marathahalli,12.9591,77.6974,2026-09-20 10:00:00,33.84,low
Indiranagar,12.9784,77.6408,2026-09-20 10:00:00,38.51,low
Koramangala,12.9352,77.6245,2026-09-20 11:00:00,35.22,low
HSR Layout,12.9116,77.6741,2026-09-20 11:00:00,40.87,low
Bellandur,12.9304,77.6784,2026-09-20 11:00:00,44.2,low
Marathahalli,12.9591,77.6974,2026-09-20 11:00:00,39.72,low
Indiranagar,12.9784,77.6408,2026-09-20 11:00:00,38.18,low
Koramangala,12.9352,77.6245,2026-09-20 12:00:00,30.68,low
HSR Layout,12.9116,77.6741,2026-09-20 12:00:00,38.28,low
Bellandur,12.9304,77.6784,2026-09-20 12:00:00,37.39,low
Marathahalli,12.9591,77.6974,2026-09-20 12:00:00,26.87,low
Indiranagar,12.9784,77.6408,2026-09-20 12:00:00,44.04,low
Koramangala,12.9352,77.6245,2026-09-20 13:00:00,29.7,low
HSR Layout,12.9116,77.6741,2026-09-20 13:00:00,31.21,low
Bellandur,12.9304,77.6784,2026-09-20 13:00:00,41.13,low
Marathahalli,12.9591,77.6974,2026-09-20 13:00:00,27.95,low
Indiranagar,12.9784,77.6408,2026-09-20 13:00:00,25.92,low
Koramangala,12.9352,77.6245,2026-09-20 14:00:00,44.68,low
HSR Layout,12.9116,77.6741,2026-09-20 14:00:00,37.23,low
Bellandur,12.9304,77.6784,2026-09-20 14:00:00,40.37,low
Marathahalli,12.9591,77.6974,2026-09-20 14:00:00,34.11,low
Indiranagar,12.9784,77.6408,2026-09-20 14:00:00,42.72,low
Koramangala,12.9352,77.6245,2026-09-20 15:00:00,36.51,low
HSR Layout,12.9116,77.6741,2026-09-20 15:00:00,39.37,low
Bellandur,12.9304,77.6784,2026-09-20 15:00:00,32.68,low
Marathahalli,12.9591,77.6974,2026-09-20 15:00:00,32.99,low
Indiranagar,12.9784,77.6408,2026-09-20 15:00:00,27.95,low
Koramangala,12.9352,77.6245,2026-09-20 16:00:00,38.75,low
HSR Layout,12.9116,77.6741,2026-09-20 16:00:00,42.85,low
Bellandur,12.9304,77.6784,2026-09-20 16:00:00,42.21,low
Marathahalli,12.9591,77.6974,2026-09-20 16:00:00,42.71,low
Indiranagar,12.9784,77.6408,2026-09-20 16:00:00,40.57,low
Koramangala,12.9352,77.6245,2026-09-20 17:00:00,29.38,low
HSR Layout,12.9116,77.6741,2026-09-20 17:00:00,41.08,low
Bellandur,12.9304,77.6784,2026-09-20 17:00:00,38.92,low
Marathahalli,12.9591,77.6974,2026-09-20 17:00:00,34.29,low
Indiranagar,12.9784,77.6408,2026-09-20 17:00:00,36.15,low
Koramangala,12.9352,77.6245,2026-09-20 18:00:00,14.17,severe
HSR Layout,12.9116,77.6741,2026-09-20 18:00:00,27.43,low
Bellandur,12.9304,77.6784,2026-09-20 18:00:00,27.67,low
Marathahalli,12.9591,77.6974,2026-09-20 18:00:00,34.29,low
Indiranagar,12.9784,77.6408,2026-09-20 18:00:00,35.62,low
Koramangala,12.9352,77.6245,2026-09-20 19:00:00,10.59,severe
HSR Layout,12.9116,77.6741,2026-09-20 19:00:00,31.35,low
Bellandur,12.9304,77.6784,2026-09-20 19:00:00,40.11,low
Marathahalli,12.9591,77.6974,2026-09-20 19:00:00,33.85,low
Indiranagar,12.9784,77.6408,2026-09-20 19:00:00,41.3,low
Koramangala,12.9352,77.6245,2026-09-20 20:00:00,13.92,severe
HSR Layout,12.9116,77.6741,2026-09-20 20:00:00,33.53,low
Bellandur,12.9304,77.6784,2026-09-20 20:00:00,43.14,low
Marathahalli,12.9591,77.6974,2026-09-20 20:00:00,33.92,low
Indiranagar,12.9784,77.6408,2026-09-20 20:00:00,28.18,low
Koramangala,12.9352,77.6245,2026-09-20 21:00:00,42.23,low
HSR Layout,12.9116,77.6741,2026-09-20 21:00:00,34.0,low
Bellandur,12.9304,77.6784,2026-09-20 21:00:00,40.04,low
Marathahalli,12.9591,77.6974,2026-09-20 21:00:00,41.8,low
Indiranagar,12.9784,77.6408,2026-09-20 21:00:00,30.55,low
Koramangala,12.9352,77.6245,2026-09-20 22:00:00,40.55,low
HSR Layout,12.9116,77.6741,2026-09-20 22:00:00,34.69,low
Bellandur,12.9304,77.6784,2026-09-20 22:00:00,29.78,low
Marathahalli,12.9591,77.6974,2026-09-20 22:00:00,33.8,low
Indiranagar,12.9784,77.6408,2026-09-20 22:00:00,39.27,low
Koramangala,12.9352,77.6245,2026-09-20 23:00:00,29.69,low
HSR Layout,12.9116,77.6741,2026-09-20 23:00:00,31.72,low
Bellandur,12.9304,77.6784,2026-09-20 23:00:00,42.86,low
Marathahalli,12.9591,77.6974,2026-09-20 23:00:00,26.61,low
Indiranagar,12.9784,77.6408,2026-09-20 23:00:00,28.02,low
Koramangala,12.9352,77.6245,2026-09-21 00:00:00,32.66,low
HSR Layout,12.9116,77.6741,2026-09-21 00:00:00,28.06,low
Bellandur,12.9304,77.6784,2026-09-21 00:00:00,29.28,low
Marathahalli,12.9591,77.6974,2026-09-21 00:00:00,33.3,low
Indiranagar,12.9784,77.6408,2026-09-21 00:00:00,31.62,low
Koramangala,12.9352,77.6245,2026-09-21 01:00:00,34.32,low
HSR Layout,12.9116,77.6741,2026-09-21 01:00:00,26.25,low
Bellandur,12.9304,77.6784,2026-09-21 01:00:00,41.66,low
Marathahalli,12.9591,77.6974,2026-09-21 01:00:00,32.79,low
Indiranagar,12.9784,77.6408,2026-09-21 01:00:00,40.4,low
Koramangala,12.9352,77.6245,2026-09-21 02:00:00,43.92,low
HSR Layout,12.9116,77.6741,2026-09-21 02:00:00,25.39,low
Bellandur,12.9304,77.6784,2026-09-21 02:00:00,42.61,low
Marathahalli,12.9591,77.6974,2026-09-21 02:00:00,36.51,low
Indiranagar,12.9784,77.6408,2026-09-21 02:00:00,34.54,low
Koramangala,12.9352,77.6245,2026-09-21 03:00:00,43.85,low
HSR Layout,12.9116,77.6741,2026-09-21 03:00:00,30.97,low
Bellandur,12.9304,77.6784,2026-09-21 03:00:00,32.8,low
Marathahalli,12.9591,77.6974,2026-09-21 03:00:00,42.83,low
Indiranagar,12.9784,77.6408,2026-09-21 03:00:00,41.71,low
Koramangala,12.9352,77.6245,2026-09-21 04:00:00,35.76,low
HSR Layout,12.9116,77.6741,2026-09-21 04:00:00,39.69,low
Bellandur,12.9304,77.6784,2026-09-21 04:00:00,41.0,low
Marathahalli,12.9591,77.6974,2026-09-21 04:00:00,42.96,low
Indiranagar,12.9784,77.6408,2026-09-21 04:00:00,34.76,low
Koramangala,12.9352,77.6245,2026-09-21 05:00:00,30.46,low
HSR Layout,12.9116,77.6741,2026-09-21 05:00:00,34.71,low
Bellandur,12.9304,77.6784,2026-09-21 05:00:00,32.78,low
Marathahalli,12.9591,77.6974,2026-09-21 05:00:00,38.38,low
Indiranagar,12.9784,77.6408,2026-09-21 05:00:00,40.96,low
