timestamp,rainfall_mm,temperature_c
2026-09-20 06:00:00,0.02,25.12
2026-09-20 07:00:00,9.27,28.28
2026-09-20 08:00:00,2.85,27.57
2026-09-20 09:00:00,7.31,28.27
2026-09-20 10:00:00,6.62,25.89
2026-09-20 11:00:00,1.9,23.74
2026-09-20 12:00:00,0.58,27.89
2026-09-20 13:00:00,0.61,24.51
2026-09-20 14:00:00,0.5,25.81
2026-09-20 15:00:00,9.19,26.25
2026-09-20 16:00:00,0.57,26.06
2026-09-20 17:00:00,8.51,22.55
2026-09-20 18:00:00,62.72,28.89
2026-09-20 19:00:00,76.15,29.53
2026-09-20 20:00:00,82.79,26.63
2026-09-20 21:00:00,0.4,22.66
2026-09-20 22:00:00,6.57,26.52
2026-09-20 23:00:00,3.16,24.09
2026-09-21 00:00:00,6.7,24.51
2026-09-21 01:00:00,2.66,23.05
2026-09-21 02:00:00,6.46,25.66
2026-09-21 03:00:00,9.29,29.49
2026-09-21 04:00:00,0.09,26.97
2026-09-21 05:00:00,5.63,22.8
